{
    "MAM_Actors": "",
    "MAM_Airtime": "2016",
    "MAM_BigPostUrl": "",
    "MAM_CMCCID": "",
    "MAM_CPNAME": "视讯中国",
    "MAM_CreateDate": "",
    "MAM_Description": "",
    "MAM_Director": "",
    "MAM_Duration": "",
    "MAM_NodeID": "002",
    "MAM_NodeName": "娱乐",
    "MAM_PosterUrl": "",
    "MAM_PrgType": 2,
    "MAM_ProducerID": "",
    "MAM_PublishDate": "",
    "MAM_STAMPTIME": "",
    "MAM_SeriesOrder": 0,
    "MAM_SeriesSum": 0,
    "MAM_SmallPosterUrl": "",
    "MAM_SubTitle": "",
    "MAM_TVColumnMarkID": "",
    "MAM_TVColumnMarkName": "",
    "MAM_Tags": "",
    "MAM_Title": "",
    "MAM_UUID": "",
    "MAM_VideoEditor": "",
    "MAM_VideoFlashHUrl": "",
    "MAM_VideoFlashLUrl": "",
    "MAM_VideoFlashUHUrl": "",
    "MAM_VideoFlashUrl": "",
    "MAM_VideoHUrl": "",
    "MAM_VideoLUrl": "",
    "MAM_VideoUHUrl": "",
    "MAM_VideoUrl": "",
    "cms_column_id": "liveshow/",
    "cms_column_name": "LiveShow",
    "cms_id": 1,
    "copyright_id": "",
    "copyright_material_id": 0,
    "id": "",
    "site_id": "3",
    "source_path": ""
}